드래곤플라이,030350,2023.02.01,27
드래곤플라이,030350,2023.01.31,18
드래곤플라이,030350,2023.01.30,11
드래곤플라이,030350,2023.01.29,1
드래곤플라이,030350,2023.01.28,1
드래곤플라이,030350,2023.01.27,7
드래곤플라이,030350,2023.01.26,24
드래곤플라이,030350,2023.01.25,8
드래곤플라이,030350,2023.01.24,1
드래곤플라이,030350,2023.01.23,2
드래곤플라이,030350,2023.01.21,3
드래곤플라이,030350,2023.01.20,30
드래곤플라이,030350,2023.01.19,22
드래곤플라이,030350,2023.01.18,46
드래곤플라이,030350,2023.01.17,18
드래곤플라이,030350,2023.01.16,18
드래곤플라이,030350,2023.01.15,4
드래곤플라이,030350,2023.01.14,11
드래곤플라이,030350,2023.01.13,102
드래곤플라이,030350,2023.01.12,8
드래곤플라이,030350,2023.01.11,15
드래곤플라이,030350,2023.01.10,32
드래곤플라이,030350,2023.01.09,30
드래곤플라이,030350,2023.01.07,3
드래곤플라이,030350,2023.01.06,3
드래곤플라이,030350,2023.01.05,8
드래곤플라이,030350,2023.01.04,8
드래곤플라이,030350,2023.01.03,10
드래곤플라이,030350,2023.01.02,7
드래곤플라이,030350,2023.01.01,1
드래곤플라이,030350,2022.12.31,1
드래곤플라이,030350,2022.12.30,5
드래곤플라이,030350,2022.12.29,18
드래곤플라이,030350,2022.12.28,22
드래곤플라이,030350,2022.12.27,16
드래곤플라이,030350,2022.12.26,43
드래곤플라이,030350,2022.12.24,1
드래곤플라이,030350,2022.12.23,13
드래곤플라이,030350,2022.12.25,1
드래곤플라이,030350,2022.12.22,8
드래곤플라이,030350,2022.12.21,11
드래곤플라이,030350,2022.12.20,4
드래곤플라이,030350,2022.12.19,5
드래곤플라이,030350,2022.12.17,1
드래곤플라이,030350,2022.12.16,3
드래곤플라이,030350,2022.12.15,1
드래곤플라이,030350,2022.12.14,8
드래곤플라이,030350,2022.12.13,23
드래곤플라이,030350,2022.12.12,9
드래곤플라이,030350,2022.12.10,1
드래곤플라이,030350,2022.12.09,27
드래곤플라이,030350,2022.12.08,62
드래곤플라이,030350,2022.12.07,156
드래곤플라이,030350,2022.12.06,26
드래곤플라이,030350,2022.12.05,36
드래곤플라이,030350,2022.12.04,1
드래곤플라이,030350,2022.12.03,1
드래곤플라이,030350,2022.12.02,5
드래곤플라이,030350,2022.12.01,3
드래곤플라이,030350,2022.11.30,15
드래곤플라이,030350,2022.11.29,21
드래곤플라이,030350,2022.11.28,11
드래곤플라이,030350,2022.11.27,3
드래곤플라이,030350,2022.11.26,2
드래곤플라이,030350,2022.11.25,51
드래곤플라이,030350,2022.11.24,87
드래곤플라이,030350,2022.11.23,4
드래곤플라이,030350,2022.11.22,7
드래곤플라이,030350,2022.11.21,5
드래곤플라이,030350,2022.11.19,2
드래곤플라이,030350,2022.11.18,16
드래곤플라이,030350,2022.11.17,6
드래곤플라이,030350,2022.11.16,5
드래곤플라이,030350,2022.11.15,1
드래곤플라이,030350,2022.11.14,3
드래곤플라이,030350,2022.11.12,1
드래곤플라이,030350,2022.11.11,4
드래곤플라이,030350,2022.11.10,2
드래곤플라이,030350,2022.11.09,7
드래곤플라이,030350,2022.11.08,4
드래곤플라이,030350,2022.11.07,15
드래곤플라이,030350,2022.11.06,1
드래곤플라이,030350,2022.11.05,8
드래곤플라이,030350,2022.11.04,17
드래곤플라이,030350,2022.11.03,12
드래곤플라이,030350,2022.11.02,15
드래곤플라이,030350,2022.11.01,13
드래곤플라이,030350,2022.10.31,19
드래곤플라이,030350,2022.10.30,1
드래곤플라이,030350,2022.10.29,4
드래곤플라이,030350,2022.10.28,65
드래곤플라이,030350,2022.10.27,79
드래곤플라이,030350,2022.10.26,4
